﻿Fecha;Column 3;Column 4;Número
3/6/20;#FelizMiercoles;http://twitter.com/search?q=%23FelizMiercoles;19485
4/6/20;#FelizJueves;http://twitter.com/search?q=%23FelizJueves;12095
4/6/20;#FelizJueves;http://twitter.com/search?q=%23FelizJueves;14941
4/6/20;#FelizJueves;http://twitter.com/search?q=%23FelizJueves;18838
4/6/20;#FelizJueves;http://twitter.com/search?q=%23FelizJueves;40814
5/6/20;#FelizJueves;http://twitter.com/search?q=%23FelizJueves;47070
6/6/20;#FelizSabado;http://twitter.com/search?q=%23FelizSabado;10344
6/6/20;#FelizSabado;http://twitter.com/search?q=%23FelizSabado;14083
6/6/20;#FelizSabado;http://twitter.com/search?q=%22Feliz+S%C3%A1bado%22;10243
6/6/20;#FelizSabado;http://twitter.com/search?q=%23FelizSabado;18070
6/6/20;#FelizSabado;http://twitter.com/search?q=%23FelizSabado;31865
6/6/20;#FelizSabado;http://twitter.com/search?q=%23FelizSabado;34203
6/6/20;#FelizSabado;http://twitter.com/search?q=%23FelizSabado;36105
6/6/20;#FelizSabado;http://twitter.com/search?q=%23FelizSabado;38047
6/6/20;#FelizSabado;http://twitter.com/search?q=%23FelizSabado;39533
7/6/20;#FelizSabado;http://twitter.com/search?q=%23FelizSabado;43170
7/6/20;#FelizSabado;http://twitter.com/search?q=%23FelizSabado;44077
7/6/20;#FelizSabado;http://twitter.com/search?q=%23FelizSabado;44760
7/6/20;#FelizSabado;http://twitter.com/search?q=%23FelizSabado;42408
7/6/20;#FelizSabado;http://twitter.com/search?q=%23FelizSabado;41269
7/6/20;#FelizDomingo;http://twitter.com/search?q=%23Felizdomingo;11018
7/6/20;#FelizSabado;http://twitter.com/search?q=%23FelizSabado;39509
7/6/20;#FelizDomingo;http://twitter.com/search?q=%23FelizDomingo;12691
7/6/20;#FelizDomingo;http://twitter.com/search?q=%23FelizDomingo;15843
7/6/20;#FelizDomingo;http://twitter.com/search?q=%23FelizDomingo;19853
7/6/20;#FelizDomingo;http://twitter.com/search?q=%23FelizDomingo;30168
7/6/20;#FelizDomingo;http://twitter.com/search?q=%23FelizDomingo;33364
7/6/20;#FelizDomingo;http://twitter.com/search?q=%23FelizDomingo;36283
7/6/20;#FelizDomingo;http://twitter.com/search?q=%23FelizDomingo;38810
8/6/20;#FelizLunes;http://twitter.com/search?q=%23FelizLunes;10192
8/6/20;#FelizLunes;http://twitter.com/search?q=%23FelizLunes;14854
8/6/20;#FelizLunes;http://twitter.com/search?q=%23FelizLunes;22384
8/6/20;#FelizLunes;http://twitter.com/search?q=%23FelizLunes;46750
8/6/20;#FelizLunes;http://twitter.com/search?q=%23FelizLunes;49251
9/6/20;#FelizLunes;http://twitter.com/search?q=%23FelizLunes;55668
9/6/20;#FelizMartes;http://twitter.com/search?q=%23FelizMartes;10116
9/6/20;#FelizMartes;http://twitter.com/search?q=%23FelizMartes;12420
9/6/20;#FelizMartes;http://twitter.com/search?q=%23FelizMartes;15635
9/6/20;#FelizMartes;http://twitter.com/search?q=%23FelizMartes;35032
9/6/20;#FelizMartes;http://twitter.com/search?q=%23FelizMartes;37104
10/6/20;#FelizMartes;http://twitter.com/search?q=%23FelizMartes;42454
10/6/20;#FelizMartes;http://twitter.com/search?q=%23FelizMartes;45775
10/6/20;#FelizMartes;http://twitter.com/search?q=%23FelizMartes;44703
10/6/20;#FelizMartes;http://twitter.com/search?q=%23FelizMartes;40796
10/6/20;#FelizMiercoles;http://twitter.com/search?q=%23FelizMiercoles;10521
10/6/20;#FelizMiercoles;http://twitter.com/search?q=%23FelizMiercoles;12992
10/6/20;#FelizMiercoles;http://twitter.com/search?q=%23FelizMiercoles;16721
10/6/20;#FelizMiercoles;http://twitter.com/search?q=%23FelizMiercoles;33100
10/6/20;#FelizMiercoles;http://twitter.com/search?q=%23FelizMiercoles;35552
11/6/20;#FelizMiercoles;http://twitter.com/search?q=%23FelizMiercoles;45370
11/6/20;#FelizMiercoles;http://twitter.com/search?q=%23FelizMiercoles;43962
11/6/20;#FelizMiercoles;http://twitter.com/search?q=%23FelizMiercoles;42713
11/6/20;#FelizJueves;http://twitter.com/search?q=%23FelizJueves;14419
11/6/20;Felipe González;http://twitter.com/search?q=%22Felipe+Gonz%C3%A1lez%22;12938
11/6/20;Felipe González;http://twitter.com/search?q=%22Felipe+Gonz%C3%A1lez%22;16235
11/6/20;Felipe González;http://twitter.com/search?q=%22Felipe+Gonz%C3%A1lez%22;19344
11/6/20;Felipe González;http://twitter.com/search?q=%22Felipe+Gonz%C3%A1lez%22;21809
12/6/20;Felipe González;http://twitter.com/search?q=%22Felipe+Gonz%C3%A1lez%22;43289
12/6/20;Felipe González;http://twitter.com/search?q=%22Felipe+Gonz%C3%A1lez%22;43936
12/6/20;Felipe González;http://twitter.com/search?q=%22Felipe+Gonz%C3%A1lez%22;44764
12/6/20;#FelizJueves;http://twitter.com/search?q=%23FelizJueves;45009
12/6/20;Felipe González;http://twitter.com/search?q=%22Felipe+Gonz%C3%A1lez%22;45742
12/6/20;#FelizJueves;http://twitter.com/search?q=%23FelizJueves;43546
12/6/20;Felipe González;http://twitter.com/search?q=%22Felipe+Gonz%C3%A1lez%22;46978
12/6/20;Felipe González;http://twitter.com/search?q=%22Felipe+Gonz%C3%A1lez%22;47549
13/6/20;Felipe González;http://twitter.com/search?q=%22Felipe+Gonz%C3%A1lez%22;22811
13/6/20;Felipe González;http://twitter.com/search?q=%22Felipe+Gonz%C3%A1lez%22;21487
13/6/20;Felipe González;http://twitter.com/search?q=%22Felipe+Gonz%C3%A1lez%22;20759
13/6/20;Felipe González;http://twitter.com/search?q=%22Felipe+Gonz%C3%A1lez%22;19915
13/6/20;Felipe González;http://twitter.com/search?q=%22Felipe+Gonz%C3%A1lez%22;19122
13/6/20;#FelizSabado;http://twitter.com/search?q=%23FelizSabado;10176
13/6/20;Felipe González;http://twitter.com/search?q=%22Felipe+Gonz%C3%A1lez%22;18423
13/6/20;#FelizSabado;http://twitter.com/search?q=%23FelizSabado;11974
13/6/20;#FelizSabado;http://twitter.com/search?q=%23FelizSabado;14573
13/6/20;#FelizSabado;http://twitter.com/search?q=%23FelizS%C3%A1bado;18692
14/6/20;#FelizSabado;http://twitter.com/search?q=%23FelizSabado;36388
14/6/20;#FelizSabado;http://twitter.com/search?q=%23FelizSabado;36580
14/6/20;#FelizDomingo;http://twitter.com/search?q=%23FelizDomingo;10508
14/6/20;#FelizDomingo;http://twitter.com/search?q=%23FelizDomingo;12986
14/6/20;#FelizDomingo;http://twitter.com/search?q=%23FelizDomingo;16563
15/6/20;#FelizDomingo;http://twitter.com/search?q=%23FelizDomingo;44718
15/6/20;#FelizDomingo;http://twitter.com/search?q=%23FelizDomingo;45725
15/6/20;#FelizDomingo;http://twitter.com/search?q=%23FelizDomingo;46577
15/6/20;#FelizDomingo;http://twitter.com/search?q=%23FelizDomingo;47333
15/6/20;#FelizLunes;http://twitter.com/search?q=%23FelizLunes;11620
15/6/20;#FelizLunes;http://twitter.com/search?q=%23FelizLunes;14513
15/6/20;#FelizLunes;http://twitter.com/search?q=%23FelizLunes;18289
16/6/20;Felipe González;http://twitter.com/search?q=%22Felipe+Gonz%C3%A1lez%22;96178
16/6/20;Felipe González;http://twitter.com/search?q=%22Felipe+Gonz%C3%A1lez%22;95862
16/6/20;Felipe González;http://twitter.com/search?q=%22Felipe+Gonz%C3%A1lez%22;95081
16/6/20;Felipe González;http://twitter.com/search?q=%22Felipe+Gonz%C3%A1lez%22;92990
16/6/20;Felipe González;http://twitter.com/search?q=%22Felipe+Gonz%C3%A1lez%22;89733
16/6/20;Felipe González;http://twitter.com/search?q=%22Felipe+Gonz%C3%A1lez%22;86206
16/6/20;Felipe González;http://twitter.com/search?q=%22Felipe+Gonz%C3%A1lez%22;82819
16/6/20;#FelizLunes;http://twitter.com/search?q=%23FelizLunes;48163
16/6/20;#FelizLunes;http://twitter.com/search?q=%23FelizLunes;47037
16/6/20;#FelizMartes;http://twitter.com/search?q=%23FelizMartes;10852
16/6/20;#FelizMartes;http://twitter.com/search?q=%23FelizMartes;13911
16/6/20;#FelizMartes;http://twitter.com/search?q=%23FelizMartes;17370
17/6/20;#FelizMartes;http://twitter.com/search?q=%23FelizMartes;49161
17/6/20;#FelizMartes;http://twitter.com/search?q=%23FelizMartes;50131
17/6/20;#FelizMartes;http://twitter.com/search?q=%23FelizMartes;50807
17/6/20;#FelizMartes;http://twitter.com/search?q=%23FelizMartes;48164
17/6/20;#FelizMartes;http://twitter.com/search?q=%23FelizMartes;46790
17/6/20;#FelizMiercoles;http://twitter.com/search?q=%23FelizMiercoles;10453
17/6/20;#FelizMiercoles;http://twitter.com/search?q=%23FelizMiercoles;16801
18/6/20;#FelizMiercoles;http://twitter.com/search?q=%23FelizMiercoles;49191
18/6/20;#FelizMiercoles;http://twitter.com/search?q=%23FelizMiercoles;47901
18/6/20;#FelizMiercoles;http://twitter.com/search?q=%23FelizMiercoles;46740
18/6/20;#FelizJueves;http://twitter.com/search?q=%23FelizJueves;11424
18/6/20;#FelizJueves;http://twitter.com/search?q=%23FelizJueves;14789
19/6/20;Felipe VI;http://twitter.com/search?q=%22Felipe+VI%22;10645
19/6/20;Felipe VI;http://twitter.com/search?q=%22Felipe+VI%22;12414
19/6/20;Felipe VI;http://twitter.com/search?q=%22Felipe+VI%22;13945
19/6/20;Felipe VI;http://twitter.com/search?q=%22Felipe+VI%22;15484
19/6/20;Felipe VI;http://twitter.com/search?q=%22Felipe+VI%22;17642
19/6/20;Felipe VI;http://twitter.com/search?q=%22Felipe+VI%22;22866
20/6/20;Felipe VI;http://twitter.com/search?q=%22Felipe+VI%22;35201
20/6/20;Felipe VI;http://twitter.com/search?q=%22Felipe+VI%22;34751
20/6/20;Felipe VI;http://twitter.com/search?q=%22Felipe+VI%22;34151
20/6/20;#FelizSabado;http://twitter.com/search?q=%23FelizSabado;12835
20/6/20;#FelizSabado;http://twitter.com/search?q=%23FelizSabado;15586
20/6/20;#FelizSabado;http://twitter.com/search?q=%23FelizSabado;22886
20/6/20;#FelizSabado;http://twitter.com/search?q=%23FelizSabado;26525
21/6/20;#FelizDomingo;http://twitter.com/search?q=%23FelizDomingo;10881
21/6/20;#FelizDomingo;http://twitter.com/search?q=%23FelizDomingo;13441
21/6/20;#FelizDomingo;http://twitter.com/search?q=%23FelizDomingo;16132
21/6/20;#FelizDiaDelPadre;http://twitter.com/search?q=%23FelizDiaDelPadre;95421
21/6/20;Felipe y Letizia;http://twitter.com/search?q=%22Felipe+y+Letizia%22;15743
21/6/20;Felipe y Letizia;http://twitter.com/search?q=%22Felipe+y+Letizia%22;18562
22/6/20;#FelizDomingo;http://twitter.com/search?q=%23FelizDomingo;33516
22/6/20;#FelizDomingo;http://twitter.com/search?q=%23FelizDomingo;34066
22/6/20;Felipe y Letizia;http://twitter.com/search?q=%22Felipe+y+Letizia%22;24297
22/6/20;#FelizDomingo;http://twitter.com/search?q=%23FelizDomingo;34177
22/6/20;Felipe y Letizia;http://twitter.com/search?q=%22Felipe+y+Letizia%22;24776
22/6/20;#FelizDomingo;http://twitter.com/search?q=%23FelizDomingo;33852
22/6/20;Felipe y Letizia;http://twitter.com/search?q=%22Felipe+y+Letizia%22;25700
22/6/20;#FelizDomingo;http://twitter.com/search?q=%23FelizDomingo;33073
22/6/20;Felipe y Letizia;http://twitter.com/search?q=%22Felipe+y+Letizia%22;26369
22/6/20;#FelizDomingo;http://twitter.com/search?q=%23FelizDomingo;32018
22/6/20;Felipe y Letizia;http://twitter.com/search?q=%22Felipe+y+Letizia%22;26531
22/6/20;#FelizLunes;http://twitter.com/search?q=%23FelizLunes;10454
22/6/20;#FelizLunes;http://twitter.com/search?q=%23FelizLunes;12881
22/6/20;#FelizLunes;http://twitter.com/search?q=%23FelizLunes;16311
22/6/20;#FelizLunes;http://twitter.com/search?q=%23FelizLunes;21023
22/6/20;#FelizLunes;http://twitter.com/search?q=%23FelizLunes;25535
23/6/20;#FelizLunes;http://twitter.com/search?q=%23FelizLunes;56671
23/6/20;#FelizLunes;http://twitter.com/search?q=%23FelizLunes;56034
23/6/20;#FelizLunes;http://twitter.com/search?q=%23FelizLunes;54886
23/6/20;#FelizLunes;http://twitter.com/search?q=%23FelizLunes;53547
23/6/20;#FelizMartes;http://twitter.com/search?q=%23FelizMartes;10760
23/6/20;#FelizMartes;http://twitter.com/search?q=%23FelizMartes;13706
23/6/20;#FelizMartes;http://twitter.com/search?q=%23FelizMartes;17851
24/6/20;#FelizMartes;http://twitter.com/search?q=%23FelizMartes;47929
24/6/20;#FelizMartes;http://twitter.com/search?q=%23FelizMartes;48531
24/6/20;#FelizMiercoles;http://twitter.com/search?q=%23FelizMiercoles;11307
24/6/20;#FelizMiercoles;http://twitter.com/search?q=%23FelizMiercoles;14569
25/6/20;#FelizMiercoles;http://twitter.com/search?q=%23FelizMiercoles;48074
25/6/20;#FelizMiercoles;http://twitter.com/search?q=%23FelizMiercoles;48752
25/6/20;#FelizMiercoles;http://twitter.com/search?q=%23FelizMiercoles;49308
25/6/20;#FelizMiercoles;http://twitter.com/search?q=%23FelizMiercoles;49326
25/6/20;#FelizMiercoles;http://twitter.com/search?q=%23FelizMiercoles;48631
25/6/20;#FelizJueves;http://twitter.com/search?q=%23FelizJueves;11629
25/6/20;#FelizJueves;http://twitter.com/search?q=%23FelizJueves;15617
25/6/20;#FelizJueves;http://twitter.com/search?q=%23FelizJueves;19510
25/6/20;#FelizJueves;http://twitter.com/search?q=%23FelizJueves;23382
26/6/20;#FelizJueves;http://twitter.com/search?q=%23FelizJueves;50823
26/6/20;#FelizJueves;http://twitter.com/search?q=%23FelizJueves;51496
26/6/20;#FelizJueves;http://twitter.com/search?q=%23FelizJueves;51943
27/6/20;#FelizViernesATodos;http://twitter.com/search?q=%23FelizViernesATodos;19003
27/6/20;#FelizSabado;http://twitter.com/search?q=%23FelizSabado;18655
27/6/20;#FelizSabado;http://twitter.com/search?q=%23FelizSabado;22264
28/6/20;#FelizSabado;http://twitter.com/search?q=%23FelizSabado;41309
28/6/20;#FelizSabado;http://twitter.com/search?q=%23FelizSabado;41966
28/6/20;#FelizDomingo;http://twitter.com/search?q=%23FelizDomingo;10461
28/6/20;#FelizDomingo;http://twitter.com/search?q=%23FelizDomingo;13841
29/6/20;#FelizLunes;http://twitter.com/search?q=%23FelizLunes;10613
29/6/20;#FelizLunes;http://twitter.com/search?q=%23FelizLunes;14023
29/6/20;#FelizLunes;http://twitter.com/search?q=%23FelizLunes;18483
29/6/20;#FelizLunes;http://twitter.com/search?q=%23FelizLunes;24067
29/6/20;#FelizLunes;http://twitter.com/search?q=%23FelizLunes;28551
29/6/20;#FelizLunes;http://twitter.com/search?q=%23FelizLunes;32625
30/6/20;#Felices20Flavio;http://twitter.com/search?q=%23Felices20Flavio;13930
30/6/20;#Felices20Flavio;http://twitter.com/search?q=%23Felices20Flavio;14162
30/6/20;#Felices20Flavio;http://twitter.com/search?q=%23Felices20Flavio;14319
30/6/20;#Felices20Flavio;http://twitter.com/search?q=%23Felices20Flavio;14381
30/6/20;#Felices20Flavio;http://twitter.com/search?q=%23Felices20Flavio;14515
30/6/20;#Felices20Flavio;http://twitter.com/search?q=%23Felices20Flavio;14596
30/6/20;#Felices20Flavio;http://twitter.com/search?q=%23Felices20Flavio;14823
30/6/20;#FelizLunes;http://twitter.com/search?q=%23FelizLunes;49791
30/6/20;#Felices20Flavio;http://twitter.com/search?q=%23Felices20Flavio;15115
30/6/20;#FelizMartes;http://twitter.com/search?q=%23FelizMartes;16535
30/6/20;#FelizMartes;http://twitter.com/search?q=%23FelizMartes;21088
30/6/20;#FelizMartes;http://twitter.com/search?q=%23FelizMartes;24592
1/7/20;#FelizMartes;http://twitter.com/search?q=%23FelizMartes;46146
1/7/20;#FelizMartes;http://twitter.com/search?q=%23FelizMartes;46876
1/7/20;#FelizMartes;http://twitter.com/search?q=%23FelizMartes;47177
1/7/20;#FelizMartes;http://twitter.com/search?q=%23FelizMartes;47034
1/7/20;#FelizMartes;http://twitter.com/search?q=%23FelizMartes;46010
1/7/20;#FelizMiercoles;http://twitter.com/search?q=%23FelizMiercoles;10894
1/7/20;#FelizMiercoles;http://twitter.com/search?q=%23FelizMiercoles;18532
1/7/20;#FelizMiercoles;http://twitter.com/search?q=%23FelizMiercoles;22759
1/7/20;#FelizMiercoles;http://twitter.com/search?q=%23FelizMiercoles;26529
2/7/20;#FelizMiercoles;http://twitter.com/search?q=%23FelizMiercoles;47891
2/7/20;#FelizMiercoles;http://twitter.com/search?q=%23FelizMiercoles;46558
2/7/20;#FelizJueves;http://twitter.com/search?q=%23FelizJueves;12066
2/7/20;#FelizJueves;http://twitter.com/search?q=%23FelizJueves;16031
2/7/20;#FelizJueves;http://twitter.com/search?q=%23FelizJueves;20744
2/7/20;#FelizJueves;http://twitter.com/search?q=%23FelizJueves;25005
3/7/20;#FelizJueves;http://twitter.com/search?q=%23FelizJueves;46990
4/7/20;#FelizSabado;http://twitter.com/search?q=%23FelizSabado;11740
4/7/20;#FelizSabado;http://twitter.com/search?q=%23FelizSabado;18726
5/7/20;#Felices24Sofia;http://twitter.com/search?q=%23Felices24Sofia;10050
5/7/20;#FelizDomingo;http://twitter.com/search?q=%23FelizDomingo;11437
5/7/20;#FelizDomingo;http://twitter.com/search?q=%23FelizDomingo;14182
6/7/20;#FelizDomingo;http://twitter.com/search?q=%23FelizDomingo;41956
6/7/20;#FelizDomingo;http://twitter.com/search?q=%23FelizDomingo;42512
6/7/20;#FelizLunes;http://twitter.com/search?q=%23FelizLunes;10033
6/7/20;#FelizLunes;http://twitter.com/search?q=%23FelizLunes;12292
6/7/20;#FelizLunes;http://twitter.com/search?q=%23FelizLunes;15641
6/7/20;#FelizLunes;http://twitter.com/search?q=%23FelizLunes;25201
7/7/20;#FelizLunes;http://twitter.com/search?q=%23FelizLunes;52669
7/7/20;#FelizLunes;http://twitter.com/search?q=%23FelizLunes;49473
7/7/20;#FelizMartes;http://twitter.com/search?q=%23FelizMartes;11838
7/7/20;#FelizMartes;http://twitter.com/search?q=%23FelizMartes;14848
7/7/20;#FelizMartes;http://twitter.com/search?q=%23FelizMartes;19124
7/7/20;#FelizMartes;http://twitter.com/search?q=%23FelizMartes;23012
8/7/20;#FelizMartes;http://twitter.com/search?q=%23FelizMartes;44350
8/7/20;#FelizMartes;http://twitter.com/search?q=%23FelizMartes;44036
8/7/20;#FelizMartes;http://twitter.com/search?q=%23FelizMartes;41524
8/7/20;Felipe VI;http://twitter.com/search?q=%22Felipe+VI%22;13229
8/7/20;#FelizMiercoles;http://twitter.com/search?q=%23FelizMiercoles;10614
8/7/20;#FelizMiercoles;http://twitter.com/search?q=%23FelizMiercoles;13312
8/7/20;#FelizMiercoles;http://twitter.com/search?q=%23FelizMiercoles;17786
8/7/20;#FelizMiercoles;http://twitter.com/search?q=%23FelizMiercoles;22120
9/7/20;#FelizMiercoles;http://twitter.com/search?q=%23FelizMiercoles;46957
9/7/20;#FelizMiercoles;http://twitter.com/search?q=%23FelizMiercoles;44366
9/7/20;Felipe VI;http://twitter.com/search?q=%22Felipe+VI%22;10351
9/7/20;Felipe VI;http://twitter.com/search?q=%22Felipe+VI%22;11360
9/7/20;#FelizJueves;http://twitter.com/search?q=%23FelizJueves;10056
9/7/20;Felipe VI;http://twitter.com/search?q=%22Felipe+VI%22;12453
9/7/20;#FelizJueves;http://twitter.com/search?q=%23FelizJueves;12341
9/7/20;Felipe VI;http://twitter.com/search?q=%22Felipe+VI%22;13743
9/7/20;#FelizJueves;http://twitter.com/search?q=%23FelizJueves;15868
9/7/20;Felipe VI;http://twitter.com/search?q=%22Felipe+VI%22;15190
9/7/20;#FelizJueves;http://twitter.com/search?q=%23FelizJueves;19806
9/7/20;Felipe VI;http://twitter.com/search?q=%22Felipe+VI%22;18503
9/7/20;#FelizJueves;http://twitter.com/search?q=%23FelizJueves;23467
9/7/20;Felipe VI;http://twitter.com/search?q=%22Felipe+VI%22;20713
9/7/20;#FelizJueves;http://twitter.com/search?q=%23FelizJueves;27085
9/7/20;Felipe VI;http://twitter.com/search?q=%22Felipe+VI%22;22744
9/7/20;Felipe VI;http://twitter.com/search?q=%22Felipe+VI%22;24596
10/7/20;Felipe VI;http://twitter.com/search?q=%22Felipe+VI%22;32539
10/7/20;#FelizJueves;http://twitter.com/search?q=%23FelizJueves;46253
10/7/20;Felipe VI;http://twitter.com/search?q=%22Felipe+VI%22;32606
10/7/20;#FelizJueves;http://twitter.com/search?q=%23FelizJueves;47018
10/7/20;#FelizJueves;http://twitter.com/search?q=%23FelizJueves;47542
10/7/20;Felipe VI;http://twitter.com/search?q=%22Felipe+VI%22;32687
10/7/20;#FelizJueves;http://twitter.com/search?q=%23FelizJueves;47396
10/7/20;Felipe VI;http://twitter.com/search?q=%22Felipe+VI%22;32896
10/7/20;#FelizJueves;http://twitter.com/search?q=%23FelizJueves;46479
10/7/20;Felipe VI;http://twitter.com/search?q=%22Felipe+VI%22;33712
10/7/20;Felipe VI;http://twitter.com/search?q=%22Felipe+VI%22;34580
10/7/20;#FelizJueves;http://twitter.com/search?q=%23FelizJueves;44694
11/7/20;Felipe VI;http://twitter.com/search?q=%22Felipe+VI%22;24385
11/7/20;Felipe VI;http://twitter.com/search?q=%22Felipe+VI%22;24156
11/7/20;#FelizSabado;http://twitter.com/search?q=%23FelizSabado;11492
11/7/20;#FelizSabado;http://twitter.com/search?q=%22Feliz+S%C3%A1bado%22;11100
11/7/20;#FelizSabado;http://twitter.com/search?q=%23FelizSabado;14793
11/7/20;#FelizSabado;http://twitter.com/search?q=%23FelizSabado;18055
12/7/20;#FelizSabado;http://twitter.com/search?q=%23FelizSabado;36973
12/7/20;#FelizSabado;http://twitter.com/search?q=%23FelizSabado;37332
12/7/20;#FelizSabado;http://twitter.com/search?q=%23FelizSabado;37500
12/7/20;#FelizSabado;http://twitter.com/search?q=%23FelizSabado;36925
12/7/20;#FelizSabado;http://twitter.com/search?q=%23FelizSabado;35700
12/7/20;#FelizSabado;http://twitter.com/search?q=%23FelizSabado;34628
12/7/20;#FelizSabado;http://twitter.com/search?q=%23FelizSabado;33587
12/7/20;#FelizDomingo;http://twitter.com/search?q=%23FelizDomingo;10426
12/7/20;#FelizDomingo;http://twitter.com/search?q=%23FelizDomingo;13040
12/7/20;#FelizDomingo;http://twitter.com/search?q=%23FelizDomingo;16381
12/7/20;#FelizDomingo;http://twitter.com/search?q=%23FelizDomingo;20068
13/7/20;#FelizLunes;http://twitter.com/search?q=%23FelizLunes;13075
13/7/20;#FelizLunes;http://twitter.com/search?q=%23FelizLunes;17245
13/7/20;#FelizLunes;http://twitter.com/search?q=%23FelizLunes;21455
13/7/20;#FelizLunes;http://twitter.com/search?q=%23FelizLunes;25932
14/7/20;#FelizLunes;http://twitter.com/search?q=%23FelizLunes;48326
14/7/20;#FelizLunes;http://twitter.com/search?q=%23FelizLunes;49337
14/7/20;#FelizLunes;http://twitter.com/search?q=%23FelizLunes;50056
14/7/20;#FelizMartes;http://twitter.com/search?q=%23FelizMartes;11253
14/7/20;#FelizMartes;http://twitter.com/search?q=%23FelizMartes;14017
14/7/20;#FelizMartes;http://twitter.com/search?q=%23FelizMartes;17970
14/7/20;#FelizMartes;http://twitter.com/search?q=%23FelizMartes;21908
14/7/20;#FelizMartes;http://twitter.com/search?q=%23FelizMartes;25405
15/7/20;#FelizMartes;http://twitter.com/search?q=%23FelizMartes;43985
15/7/20;#FelizMartes;http://twitter.com/search?q=%23FelizMartes;44671
15/7/20;#FelizMiercoles;http://twitter.com/search?q=%23FelizMiercoles;12093
15/7/20;#FelizMiercoles;http://twitter.com/search?q=%23FelizMiercoles;15874
15/7/20;#FelizMiercoles;http://twitter.com/search?q=%23FelizMiercoles;20448
15/7/20;#FelizMiercoles;http://twitter.com/search?q=%23FelizMiercoles;24505
15/7/20;#FelizMiercoles;http://twitter.com/search?q=%23FelizMiercoles;27772
15/7/20;#FelizMiercoles;http://twitter.com/search?q=%23FelizMiercoles;31062
16/7/20;#FelizMiercoles;http://twitter.com/search?q=%23FelizMiercoles;44364
16/7/20;#FelizJueves;http://twitter.com/search?q=%23FelizJueves;12640
16/7/20;#FelizJueves;http://twitter.com/search?q=%23FelizJueves;15982
16/7/20;#FelizJueves;http://twitter.com/search?q=%23FelizJueves;19755
17/7/20;#FelizJueves;http://twitter.com/search?q=%23FelizJueves;40911
17/7/20;#FelizJueves;http://twitter.com/search?q=%23FelizJueves;40644
17/7/20;Felipe González;http://twitter.com/search?q=%22Felipe+Gonz%C3%A1lez%22;12757
17/7/20;Felipe González;http://twitter.com/search?q=%22Felipe+Gonz%C3%A1lez%22;13467
17/7/20;Felipe González;http://twitter.com/search?q=%22Felipe+Gonz%C3%A1lez%22;14215
17/7/20;Felipe González;http://twitter.com/search?q=%22Felipe+Gonz%C3%A1lez%22;14758
17/7/20;Felipe González;http://twitter.com/search?q=%22Felipe+Gonz%C3%A1lez%22;15408
17/7/20;Felipe González;http://twitter.com/search?q=%22Felipe+Gonz%C3%A1lez%22;15934
17/7/20;Felipe González;http://twitter.com/search?q=%22Felipe+Gonz%C3%A1lez%22;16834
17/7/20;Felipe González;http://twitter.com/search?q=%22Felipe+Gonz%C3%A1lez%22;17571
17/7/20;Felipe González;http://twitter.com/search?q=%22Felipe+Gonz%C3%A1lez%22;18007
17/7/20;Felipe González;http://twitter.com/search?q=%22Felipe+Gonz%C3%A1lez%22;18483
17/7/20;#FelizViernesATodos;http://twitter.com/search?q=%23FelizViernesATodos;10730
18/7/20;Felipe González;http://twitter.com/search?q=%22Felipe+Gonz%C3%A1lez%22;20404
18/7/20;#FelizViernesATodos;http://twitter.com/search?q=%23FelizViernesATodos;15184
18/7/20;#FelizViernesATodos;http://twitter.com/search?q=%23FelizViernesATodos;15451
18/7/20;Felipe González;http://twitter.com/search?q=%22Felipe+Gonz%C3%A1lez%22;20402
18/7/20;#FelizViernesATodos;http://twitter.com/search?q=%23FelizViernesATodos;15555
18/7/20;Felipe González;http://twitter.com/search?q=%22Felipe+Gonz%C3%A1lez%22;20548
18/7/20;#FelizViernesATodos;http://twitter.com/search?q=%23FelizViernesATodos;15492
18/7/20;Felipe González;http://twitter.com/search?q=%22Felipe+Gonz%C3%A1lez%22;21722
18/7/20;#FelizViernesATodos;http://twitter.com/search?q=%23FelizViernesATodos;15334
18/7/20;Felipe González;http://twitter.com/search?q=%22Felipe+Gonz%C3%A1lez%22;23277
18/7/20;Felipe González;http://twitter.com/search?q=%22Felipe+Gonz%C3%A1lez%22;24629
18/7/20;Felipe González;http://twitter.com/search?q=%22Felipe+Gonz%C3%A1lez%22;24905
18/7/20;#FelizAlzamiento;http://twitter.com/search?q=%23FelizAlzamiento;11600
18/7/20;#FelizSabado;http://twitter.com/search?q=%23FelizSabado;10456
18/7/20;#FelizAlzamiento;http://twitter.com/search?q=%23FelizAlzamiento;13491
18/7/20;#FelizSabado;http://twitter.com/search?q=%23FelizSabado;14230
18/7/20;#FelizAlzamiento;http://twitter.com/search?q=%23FelizAlzamiento;15046
18/7/20;#FelizSabado;http://twitter.com/search?q=%23FelizSabado;18036
18/7/20;#FelizAlzamiento;http://twitter.com/search?q=%23FelizAlzamiento;16317
18/7/20;#FelizSabado;http://twitter.com/search?q=%23FelizSabado;21980
18/7/20;#FelizAlzamiento;http://twitter.com/search?q=%23FelizAlzamiento;17297
18/7/20;#FelizSabado;http://twitter.com/search?q=%23FelizSabado;24900
18/7/20;#FelizAlzamiento;http://twitter.com/search?q=%23FelizAlzamiento;18101
18/7/20;#FelizSabado;http://twitter.com/search?q=%23FelizSabado;27988
18/7/20;#FelizAlzamiento;http://twitter.com/search?q=%23FelizAlzamiento;18909
18/7/20;#FelizAlzamiento;http://twitter.com/search?q=%23FelizAlzamiento;19254
19/7/20;#FelizAlzamiento;http://twitter.com/search?q=%23FelizAlzamiento;18840
19/7/20;#FelizSabado;http://twitter.com/search?q=%23FelizSabado;44604
19/7/20;#FelizAlzamiento;http://twitter.com/search?q=%23FelizAlzamiento;18797
19/7/20;#FelizSabado;http://twitter.com/search?q=%23FelizSabado;45589
19/7/20;#FelizAlzamiento;http://twitter.com/search?q=%23FelizAlzamiento;18787
19/7/20;#FelizSabado;http://twitter.com/search?q=%23FelizSabado;46368
19/7/20;#FelizAlzamiento;http://twitter.com/search?q=%23FelizAlzamiento;18776
19/7/20;#FelizAlzamiento;http://twitter.com/search?q=%23FelizAlzamiento;18046
19/7/20;#FelizAlzamiento;http://twitter.com/search?q=%23FelizAlzamiento;16802
19/7/20;#FelizDomingo;http://twitter.com/search?q=%23FelizDomingo;11380
19/7/20;#FelizDomingo;http://twitter.com/search?q=%23FelizDomingo;14490
19/7/20;#FelizDomingo;http://twitter.com/search?q=%23FelizDomingo;18392
20/7/20;#FelizDomingo;http://twitter.com/search?q=%23FelizDomingo;45296
20/7/20;#FelizDomingo;http://twitter.com/search?q=%23FelizDomingo;45890
20/7/20;#FelizDomingo;http://twitter.com/search?q=%23FelizDomingo;45605
20/7/20;#FelizLunes;http://twitter.com/search?q=%23FelizLunes;11956
20/7/20;#FelizLunes;http://twitter.com/search?q=%23FelizLunes;15661
20/7/20;#FelizLunes;http://twitter.com/search?q=%23FelizLunes;20111
20/7/20;#FelizLunes;http://twitter.com/search?q=%23FelizLunes;23981
21/7/20;#FelizLunes;http://twitter.com/search?q=%23FelizLunes;47839
21/7/20;#FelizLunes;http://twitter.com/search?q=%23FelizLunes;48644
21/7/20;#FelizLunes;http://twitter.com/search?q=%23FelizLunes;46640
21/7/20;#FelizLunes;http://twitter.com/search?q=%23FelizLunes;44100
21/7/20;#FelizMartes;http://twitter.com/search?q=%23FelizMartes;12606
21/7/20;#FelizMartes;http://twitter.com/search?q=%23FelizMartes;16240
21/7/20;#FelizMartes;http://twitter.com/search?q=%23FelizMartes;19768
21/7/20;#FelizMartes;http://twitter.com/search?q=%23FelizMartes;23166
22/7/20;#FelizMartes;http://twitter.com/search?q=%23FelizMartes;42740
22/7/20;#FelizMartes;http://twitter.com/search?q=%23FelizMartes;43069
22/7/20;#FelizMartes;http://twitter.com/search?q=%23FelizMartes;42858
22/7/20;#FelizMartes;http://twitter.com/search?q=%23FelizMartes;41988
22/7/20;#FelizMartes;http://twitter.com/search?q=%23FelizMartes;40830
22/7/20;#FelizMartes;http://twitter.com/search?q=%23FelizMartes;39549
22/7/20;#FelizMartes;http://twitter.com/search?q=%23FelizMartes;38609
22/7/20;#FelizMiercoles;http://twitter.com/search?q=%23FelizMiercoles;12101
22/7/20;#FelizMiercoles;http://twitter.com/search?q=%23FelizMiercoles;15824
22/7/20;#FelizMiercoles;http://twitter.com/search?q=%23FelizMiercoles;20029
22/7/20;#FelizMiercoles;http://twitter.com/search?q=%23FelizMiercoles;24215
23/7/20;#YaSobrasFelipeVI;http://twitter.com/search?q=%23YaSobrasFelipeVI;10044
23/7/20;#YaSobrasFelipeVI;http://twitter.com/search?q=%23YaSobrasFelipeVI;10205
23/7/20;#YaSobrasFelipeVI;http://twitter.com/search?q=%23YaSobrasFelipeVI;10253
23/7/20;#FelizMiercoles;http://twitter.com/search?q=%23FelizMiercoles;44158
23/7/20;#YaSobrasFelipeVI;http://twitter.com/search?q=%23YaSobrasFelipeVI;10336
23/7/20;#FelizMiercoles;http://twitter.com/search?q=%23FelizMiercoles;44344
23/7/20;#YaSobrasFelipeVI;http://twitter.com/search?q=%23YaSobrasFelipeVI;10594
23/7/20;#FelizMiercoles;http://twitter.com/search?q=%23FelizMiercoles;44003
23/7/20;#FelizMiercoles;http://twitter.com/search?q=%23FelizMiercoles;42907
23/7/20;#YaSobrasFelipeVI;http://twitter.com/search?q=%23YaSobrasFelipeVI;10875
23/7/20;#YaSobrasFelipeVI;http://twitter.com/search?q=%23YaSobrasFelipeVI;11211
23/7/20;#FelizMiercoles;http://twitter.com/search?q=%23FelizMiercoles;41477
23/7/20;#FelizJueves;http://twitter.com/search?q=%23FelizJueves;12544
23/7/20;#FelizJueves;http://twitter.com/search?q=%23FelizJueves;16351
23/7/20;#FelizJueves;http://twitter.com/search?q=%23FelizJueves;20305
23/7/20;#FelizJueves;http://twitter.com/search?q=%23FelizJueves;24108
25/7/20;#FelizSabado;http://twitter.com/search?q=%23FelizSabado;11567
25/7/20;#FelizSabado;http://twitter.com/search?q=%23FelizSabado;15076
25/7/20;#FelizSabado;http://twitter.com/search?q=%23FelizSabado;19287
25/7/20;#FelizSabado;http://twitter.com/search?q=%23FelizSabado;23059
25/7/20;#FelizSabado;http://twitter.com/search?q=%23FelizSabado;26099
25/7/20;#FelizSabado;http://twitter.com/search?q=%23FelizSabado;28712
26/7/20;#FelizSabado;http://twitter.com/search?q=%23FelizSabado;40413
26/7/20;#FelizSabado;http://twitter.com/search?q=%23FelizSabado;40945
26/7/20;#FelizSabado;http://twitter.com/search?q=%23FelizSabado;41308
26/7/20;#FelizSabado;http://twitter.com/search?q=%23FelizSabado;41365
26/7/20;#FelizSabado;http://twitter.com/search?q=%23FelizSabado;41011
26/7/20;#FelizSabado;http://twitter.com/search?q=%23FelizSabado;40098
26/7/20;#FelizDomingo;http://twitter.com/search?q=%23FelizDomingo;10806
27/7/20;#FelizDomingo;http://twitter.com/search?q=%23FelizDomingo;38638
27/7/20;#FelizDomingo;http://twitter.com/search?q=%23FelizDomingo;38956
27/7/20;#FelizDomingo;http://twitter.com/search?q=%23FelizDomingo;33841
27/7/20;#FelizLunes;http://twitter.com/search?q=%23FelizLunes;10900
27/7/20;#FelizLunes;http://twitter.com/search?q=%23FelizLunes;14406
27/7/20;#FelizLunes;http://twitter.com/search?q=%23FelizLunes;18636
27/7/20;#FelizLunes;http://twitter.com/search?q=%23FelizLunes;23341
28/7/20;#FelizLunes;http://twitter.com/search?q=%23FelizLunes;45000
28/7/20;#FelizLunes;http://twitter.com/search?q=%23FelizLunes;45928
28/7/20;#FelizLunes;http://twitter.com/search?q=%23FelizLunes;46813
28/7/20;#FelizMartes;http://twitter.com/search?q=%23FelizMartes;10042
28/7/20;#FelizMartes;http://twitter.com/search?q=%23FelizMartes;12652
28/7/20;#FelizMartes;http://twitter.com/search?q=%23FelizMartes;16038
28/7/20;#FelizMartes;http://twitter.com/search?q=%23FelizMartes;19609
3/6/20;#FelizMiercoles;http://twitter.com/search?q=%23FelizMiercoles;19485
4/6/20;#FelizJueves;http://twitter.com/search?q=%23FelizJueves;12095
4/6/20;#FelizJueves;http://twitter.com/search?q=%23FelizJueves;14941
4/6/20;#FelizJueves;http://twitter.com/search?q=%23FelizJueves;18838
4/6/20;#FelizJueves;http://twitter.com/search?q=%23FelizJueves;40814
5/6/20;#FelizJueves;http://twitter.com/search?q=%23FelizJueves;47070
6/6/20;#FelizSabado;http://twitter.com/search?q=%23FelizSabado;10344
6/6/20;#FelizSabado;http://twitter.com/search?q=%23FelizSabado;14083
6/6/20;#FelizSabado;http://twitter.com/search?q=%22Feliz+S%C3%A1bado%22;10243
6/6/20;#FelizSabado;http://twitter.com/search?q=%23FelizSabado;18070
6/6/20;#FelizSabado;http://twitter.com/search?q=%23FelizSabado;31865
6/6/20;#FelizSabado;http://twitter.com/search?q=%23FelizSabado;34203
6/6/20;#FelizSabado;http://twitter.com/search?q=%23FelizSabado;36105
6/6/20;#FelizSabado;http://twitter.com/search?q=%23FelizSabado;38047
6/6/20;#FelizSabado;http://twitter.com/search?q=%23FelizSabado;39533
7/6/20;#FelizSabado;http://twitter.com/search?q=%23FelizSabado;43170
7/6/20;#FelizSabado;http://twitter.com/search?q=%23FelizSabado;44077
7/6/20;#FelizSabado;http://twitter.com/search?q=%23FelizSabado;44760
7/6/20;#FelizSabado;http://twitter.com/search?q=%23FelizSabado;42408
7/6/20;#FelizSabado;http://twitter.com/search?q=%23FelizSabado;41269
7/6/20;#FelizDomingo;http://twitter.com/search?q=%23Felizdomingo;11018
7/6/20;#FelizSabado;http://twitter.com/search?q=%23FelizSabado;39509
7/6/20;#FelizDomingo;http://twitter.com/search?q=%23FelizDomingo;12691
7/6/20;#FelizDomingo;http://twitter.com/search?q=%23FelizDomingo;15843
7/6/20;#FelizDomingo;http://twitter.com/search?q=%23FelizDomingo;19853
7/6/20;#FelizDomingo;http://twitter.com/search?q=%23FelizDomingo;30168
7/6/20;#FelizDomingo;http://twitter.com/search?q=%23FelizDomingo;33364
7/6/20;#FelizDomingo;http://twitter.com/search?q=%23FelizDomingo;36283
7/6/20;#FelizDomingo;http://twitter.com/search?q=%23FelizDomingo;38810
8/6/20;#FelizLunes;http://twitter.com/search?q=%23FelizLunes;10192
8/6/20;#FelizLunes;http://twitter.com/search?q=%23FelizLunes;14854
8/6/20;#FelizLunes;http://twitter.com/search?q=%23FelizLunes;22384
8/6/20;#FelizLunes;http://twitter.com/search?q=%23FelizLunes;46750
8/6/20;#FelizLunes;http://twitter.com/search?q=%23FelizLunes;49251
9/6/20;#FelizLunes;http://twitter.com/search?q=%23FelizLunes;55668
9/6/20;#FelizMartes;http://twitter.com/search?q=%23FelizMartes;10116
9/6/20;#FelizMartes;http://twitter.com/search?q=%23FelizMartes;12420
9/6/20;#FelizMartes;http://twitter.com/search?q=%23FelizMartes;15635
9/6/20;#FelizMartes;http://twitter.com/search?q=%23FelizMartes;35032
9/6/20;#FelizMartes;http://twitter.com/search?q=%23FelizMartes;37104
10/6/20;#FelizMartes;http://twitter.com/search?q=%23FelizMartes;42454
10/6/20;#FelizMartes;http://twitter.com/search?q=%23FelizMartes;45775
10/6/20;#FelizMartes;http://twitter.com/search?q=%23FelizMartes;44703
10/6/20;#FelizMartes;http://twitter.com/search?q=%23FelizMartes;40796
10/6/20;#FelizMiercoles;http://twitter.com/search?q=%23FelizMiercoles;10521
10/6/20;#FelizMiercoles;http://twitter.com/search?q=%23FelizMiercoles;12992
10/6/20;#FelizMiercoles;http://twitter.com/search?q=%23FelizMiercoles;16721
10/6/20;#FelizMiercoles;http://twitter.com/search?q=%23FelizMiercoles;33100
10/6/20;#FelizMiercoles;http://twitter.com/search?q=%23FelizMiercoles;35552
11/6/20;#FelizMiercoles;http://twitter.com/search?q=%23FelizMiercoles;45370
11/6/20;#FelizMiercoles;http://twitter.com/search?q=%23FelizMiercoles;43962
11/6/20;#FelizMiercoles;http://twitter.com/search?q=%23FelizMiercoles;42713
11/6/20;#FelizJueves;http://twitter.com/search?q=%23FelizJueves;14419
11/6/20;Felipe González;http://twitter.com/search?q=%22Felipe+Gonz%C3%A1lez%22;12938
11/6/20;Felipe González;http://twitter.com/search?q=%22Felipe+Gonz%C3%A1lez%22;16235
11/6/20;Felipe González;http://twitter.com/search?q=%22Felipe+Gonz%C3%A1lez%22;19344
11/6/20;Felipe González;http://twitter.com/search?q=%22Felipe+Gonz%C3%A1lez%22;21809
12/6/20;Felipe González;http://twitter.com/search?q=%22Felipe+Gonz%C3%A1lez%22;43289
12/6/20;Felipe González;http://twitter.com/search?q=%22Felipe+Gonz%C3%A1lez%22;43936
12/6/20;Felipe González;http://twitter.com/search?q=%22Felipe+Gonz%C3%A1lez%22;44764
12/6/20;#FelizJueves;http://twitter.com/search?q=%23FelizJueves;45009
12/6/20;Felipe González;http://twitter.com/search?q=%22Felipe+Gonz%C3%A1lez%22;45742
12/6/20;#FelizJueves;http://twitter.com/search?q=%23FelizJueves;43546
12/6/20;Felipe González;http://twitter.com/search?q=%22Felipe+Gonz%C3%A1lez%22;46978
12/6/20;Felipe González;http://twitter.com/search?q=%22Felipe+Gonz%C3%A1lez%22;47549
13/6/20;Felipe González;http://twitter.com/search?q=%22Felipe+Gonz%C3%A1lez%22;22811
13/6/20;Felipe González;http://twitter.com/search?q=%22Felipe+Gonz%C3%A1lez%22;21487
13/6/20;Felipe González;http://twitter.com/search?q=%22Felipe+Gonz%C3%A1lez%22;20759
13/6/20;Felipe González;http://twitter.com/search?q=%22Felipe+Gonz%C3%A1lez%22;19915
13/6/20;Felipe González;http://twitter.com/search?q=%22Felipe+Gonz%C3%A1lez%22;19122
13/6/20;#FelizSabado;http://twitter.com/search?q=%23FelizSabado;10176
13/6/20;Felipe González;http://twitter.com/search?q=%22Felipe+Gonz%C3%A1lez%22;18423
13/6/20;#FelizSabado;http://twitter.com/search?q=%23FelizSabado;11974
13/6/20;#FelizSabado;http://twitter.com/search?q=%23FelizSabado;14573
13/6/20;#FelizSabado;http://twitter.com/search?q=%23FelizS%C3%A1bado;18692
14/6/20;#FelizSabado;http://twitter.com/search?q=%23FelizSabado;36388
14/6/20;#FelizSabado;http://twitter.com/search?q=%23FelizSabado;36580
14/6/20;#FelizDomingo;http://twitter.com/search?q=%23FelizDomingo;10508
14/6/20;#FelizDomingo;http://twitter.com/search?q=%23FelizDomingo;12986
14/6/20;#FelizDomingo;http://twitter.com/search?q=%23FelizDomingo;16563
15/6/20;#FelizDomingo;http://twitter.com/search?q=%23FelizDomingo;44718
15/6/20;#FelizDomingo;http://twitter.com/search?q=%23FelizDomingo;45725
15/6/20;#FelizDomingo;http://twitter.com/search?q=%23FelizDomingo;46577
15/6/20;#FelizDomingo;http://twitter.com/search?q=%23FelizDomingo;47333
15/6/20;#FelizLunes;http://twitter.com/search?q=%23FelizLunes;11620
15/6/20;#FelizLunes;http://twitter.com/search?q=%23FelizLunes;14513
15/6/20;#FelizLunes;http://twitter.com/search?q=%23FelizLunes;18289
16/6/20;Felipe González;http://twitter.com/search?q=%22Felipe+Gonz%C3%A1lez%22;96178
16/6/20;Felipe González;http://twitter.com/search?q=%22Felipe+Gonz%C3%A1lez%22;95862
16/6/20;Felipe González;http://twitter.com/search?q=%22Felipe+Gonz%C3%A1lez%22;95081
16/6/20;Felipe González;http://twitter.com/search?q=%22Felipe+Gonz%C3%A1lez%22;92990
16/6/20;Felipe González;http://twitter.com/search?q=%22Felipe+Gonz%C3%A1lez%22;89733
16/6/20;Felipe González;http://twitter.com/search?q=%22Felipe+Gonz%C3%A1lez%22;86206
16/6/20;Felipe González;http://twitter.com/search?q=%22Felipe+Gonz%C3%A1lez%22;82819
16/6/20;#FelizLunes;http://twitter.com/search?q=%23FelizLunes;48163
16/6/20;#FelizLunes;http://twitter.com/search?q=%23FelizLunes;47037
16/6/20;#FelizMartes;http://twitter.com/search?q=%23FelizMartes;10852
16/6/20;#FelizMartes;http://twitter.com/search?q=%23FelizMartes;13911
16/6/20;#FelizMartes;http://twitter.com/search?q=%23FelizMartes;17370
17/6/20;#FelizMartes;http://twitter.com/search?q=%23FelizMartes;49161
17/6/20;#FelizMartes;http://twitter.com/search?q=%23FelizMartes;50131
17/6/20;#FelizMartes;http://twitter.com/search?q=%23FelizMartes;50807
17/6/20;#FelizMartes;http://twitter.com/search?q=%23FelizMartes;48164
17/6/20;#FelizMartes;http://twitter.com/search?q=%23FelizMartes;46790
17/6/20;#FelizMiercoles;http://twitter.com/search?q=%23FelizMiercoles;10453
17/6/20;#FelizMiercoles;http://twitter.com/search?q=%23FelizMiercoles;16801
18/6/20;#FelizMiercoles;http://twitter.com/search?q=%23FelizMiercoles;49191
18/6/20;#FelizMiercoles;http://twitter.com/search?q=%23FelizMiercoles;47901
18/6/20;#FelizMiercoles;http://twitter.com/search?q=%23FelizMiercoles;46740
18/6/20;#FelizJueves;http://twitter.com/search?q=%23FelizJueves;11424
18/6/20;#FelizJueves;http://twitter.com/search?q=%23FelizJueves;14789
19/6/20;Felipe VI;http://twitter.com/search?q=%22Felipe+VI%22;10645
19/6/20;Felipe VI;http://twitter.com/search?q=%22Felipe+VI%22;12414
19/6/20;Felipe VI;http://twitter.com/search?q=%22Felipe+VI%22;13945
19/6/20;Felipe VI;http://twitter.com/search?q=%22Felipe+VI%22;15484
19/6/20;Felipe VI;http://twitter.com/search?q=%22Felipe+VI%22;17642
19/6/20;Felipe VI;http://twitter.com/search?q=%22Felipe+VI%22;22866
20/6/20;Felipe VI;http://twitter.com/search?q=%22Felipe+VI%22;35201
20/6/20;Felipe VI;http://twitter.com/search?q=%22Felipe+VI%22;34751
20/6/20;Felipe VI;http://twitter.com/search?q=%22Felipe+VI%22;34151
20/6/20;#FelizSabado;http://twitter.com/search?q=%23FelizSabado;12835
20/6/20;#FelizSabado;http://twitter.com/search?q=%23FelizSabado;15586
20/6/20;#FelizSabado;http://twitter.com/search?q=%23FelizSabado;22886
20/6/20;#FelizSabado;http://twitter.com/search?q=%23FelizSabado;26525
21/6/20;#FelizDomingo;http://twitter.com/search?q=%23FelizDomingo;10881
21/6/20;#FelizDomingo;http://twitter.com/search?q=%23FelizDomingo;13441
21/6/20;#FelizDomingo;http://twitter.com/search?q=%23FelizDomingo;16132
21/6/20;#FelizDiaDelPadre;http://twitter.com/search?q=%23FelizDiaDelPadre;95421
21/6/20;Felipe y Letizia;http://twitter.com/search?q=%22Felipe+y+Letizia%22;15743
21/6/20;Felipe y Letizia;http://twitter.com/search?q=%22Felipe+y+Letizia%22;18562
22/6/20;#FelizDomingo;http://twitter.com/search?q=%23FelizDomingo;33516
22/6/20;#FelizDomingo;http://twitter.com/search?q=%23FelizDomingo;34066
22/6/20;Felipe y Letizia;http://twitter.com/search?q=%22Felipe+y+Letizia%22;24297
22/6/20;#FelizDomingo;http://twitter.com/search?q=%23FelizDomingo;34177
22/6/20;Felipe y Letizia;http://twitter.com/search?q=%22Felipe+y+Letizia%22;24776
22/6/20;#FelizDomingo;http://twitter.com/search?q=%23FelizDomingo;33852
22/6/20;Felipe y Letizia;http://twitter.com/search?q=%22Felipe+y+Letizia%22;25700
22/6/20;#FelizDomingo;http://twitter.com/search?q=%23FelizDomingo;33073
22/6/20;Felipe y Letizia;http://twitter.com/search?q=%22Felipe+y+Letizia%22;26369
22/6/20;#FelizDomingo;http://twitter.com/search?q=%23FelizDomingo;32018
22/6/20;Felipe y Letizia;http://twitter.com/search?q=%22Felipe+y+Letizia%22;26531
22/6/20;#FelizLunes;http://twitter.com/search?q=%23FelizLunes;10454
22/6/20;#FelizLunes;http://twitter.com/search?q=%23FelizLunes;12881
22/6/20;#FelizLunes;http://twitter.com/search?q=%23FelizLunes;16311
22/6/20;#FelizLunes;http://twitter.com/search?q=%23FelizLunes;21023
22/6/20;#FelizLunes;http://twitter.com/search?q=%23FelizLunes;25535
23/6/20;#FelizLunes;http://twitter.com/search?q=%23FelizLunes;56671
23/6/20;#FelizLunes;http://twitter.com/search?q=%23FelizLunes;56034
23/6/20;#FelizLunes;http://twitter.com/search?q=%23FelizLunes;54886
23/6/20;#FelizLunes;http://twitter.com/search?q=%23FelizLunes;53547
23/6/20;#FelizMartes;http://twitter.com/search?q=%23FelizMartes;10760
23/6/20;#FelizMartes;http://twitter.com/search?q=%23FelizMartes;13706
23/6/20;#FelizMartes;http://twitter.com/search?q=%23FelizMartes;17851
24/6/20;#FelizMartes;http://twitter.com/search?q=%23FelizMartes;47929
24/6/20;#FelizMartes;http://twitter.com/search?q=%23FelizMartes;48531
24/6/20;#FelizMiercoles;http://twitter.com/search?q=%23FelizMiercoles;11307
24/6/20;#FelizMiercoles;http://twitter.com/search?q=%23FelizMiercoles;14569
25/6/20;#FelizMiercoles;http://twitter.com/search?q=%23FelizMiercoles;48074
25/6/20;#FelizMiercoles;http://twitter.com/search?q=%23FelizMiercoles;48752
25/6/20;#FelizMiercoles;http://twitter.com/search?q=%23FelizMiercoles;49308
25/6/20;#FelizMiercoles;http://twitter.com/search?q=%23FelizMiercoles;49326
25/6/20;#FelizMiercoles;http://twitter.com/search?q=%23FelizMiercoles;48631
25/6/20;#FelizJueves;http://twitter.com/search?q=%23FelizJueves;11629
25/6/20;#FelizJueves;http://twitter.com/search?q=%23FelizJueves;15617
25/6/20;#FelizJueves;http://twitter.com/search?q=%23FelizJueves;19510
25/6/20;#FelizJueves;http://twitter.com/search?q=%23FelizJueves;23382
26/6/20;#FelizJueves;http://twitter.com/search?q=%23FelizJueves;50823
26/6/20;#FelizJueves;http://twitter.com/search?q=%23FelizJueves;51496
26/6/20;#FelizJueves;http://twitter.com/search?q=%23FelizJueves;51943
27/6/20;#FelizViernesATodos;http://twitter.com/search?q=%23FelizViernesATodos;19003
27/6/20;#FelizSabado;http://twitter.com/search?q=%23FelizSabado;18655
27/6/20;#FelizSabado;http://twitter.com/search?q=%23FelizSabado;22264
28/6/20;#FelizSabado;http://twitter.com/search?q=%23FelizSabado;41309
28/6/20;#FelizSabado;http://twitter.com/search?q=%23FelizSabado;41966
28/6/20;#FelizDomingo;http://twitter.com/search?q=%23FelizDomingo;10461
28/6/20;#FelizDomingo;http://twitter.com/search?q=%23FelizDomingo;13841
29/6/20;#FelizLunes;http://twitter.com/search?q=%23FelizLunes;10613
29/6/20;#FelizLunes;http://twitter.com/search?q=%23FelizLunes;14023
29/6/20;#FelizLunes;http://twitter.com/search?q=%23FelizLunes;18483
29/6/20;#FelizLunes;http://twitter.com/search?q=%23FelizLunes;24067
29/6/20;#FelizLunes;http://twitter.com/search?q=%23FelizLunes;28551
29/6/20;#FelizLunes;http://twitter.com/search?q=%23FelizLunes;32625
30/6/20;#Felices20Flavio;http://twitter.com/search?q=%23Felices20Flavio;13930
30/6/20;#Felices20Flavio;http://twitter.com/search?q=%23Felices20Flavio;14162
30/6/20;#Felices20Flavio;http://twitter.com/search?q=%23Felices20Flavio;14319
30/6/20;#Felices20Flavio;http://twitter.com/search?q=%23Felices20Flavio;14381
30/6/20;#Felices20Flavio;http://twitter.com/search?q=%23Felices20Flavio;14515
30/6/20;#Felices20Flavio;http://twitter.com/search?q=%23Felices20Flavio;14596
30/6/20;#Felices20Flavio;http://twitter.com/search?q=%23Felices20Flavio;14823
30/6/20;#FelizLunes;http://twitter.com/search?q=%23FelizLunes;49791
30/6/20;#Felices20Flavio;http://twitter.com/search?q=%23Felices20Flavio;15115
30/6/20;#FelizMartes;http://twitter.com/search?q=%23FelizMartes;16535
30/6/20;#FelizMartes;http://twitter.com/search?q=%23FelizMartes;21088
30/6/20;#FelizMartes;http://twitter.com/search?q=%23FelizMartes;24592
1/7/20;#FelizMartes;http://twitter.com/search?q=%23FelizMartes;46146
1/7/20;#FelizMartes;http://twitter.com/search?q=%23FelizMartes;46876
1/7/20;#FelizMartes;http://twitter.com/search?q=%23FelizMartes;47177
1/7/20;#FelizMartes;http://twitter.com/search?q=%23FelizMartes;47034
1/7/20;#FelizMartes;http://twitter.com/search?q=%23FelizMartes;46010
1/7/20;#FelizMiercoles;http://twitter.com/search?q=%23FelizMiercoles;10894
1/7/20;#FelizMiercoles;http://twitter.com/search?q=%23FelizMiercoles;18532
1/7/20;#FelizMiercoles;http://twitter.com/search?q=%23FelizMiercoles;22759
1/7/20;#FelizMiercoles;http://twitter.com/search?q=%23FelizMiercoles;26529
2/7/20;#FelizMiercoles;http://twitter.com/search?q=%23FelizMiercoles;47891
2/7/20;#FelizMiercoles;http://twitter.com/search?q=%23FelizMiercoles;46558
2/7/20;#FelizJueves;http://twitter.com/search?q=%23FelizJueves;12066
2/7/20;#FelizJueves;http://twitter.com/search?q=%23FelizJueves;16031
2/7/20;#FelizJueves;http://twitter.com/search?q=%23FelizJueves;20744
2/7/20;#FelizJueves;http://twitter.com/search?q=%23FelizJueves;25005
3/7/20;#FelizJueves;http://twitter.com/search?q=%23FelizJueves;46990
4/7/20;#FelizSabado;http://twitter.com/search?q=%23FelizSabado;11740
4/7/20;#FelizSabado;http://twitter.com/search?q=%23FelizSabado;18726
5/7/20;#Felices24Sofia;http://twitter.com/search?q=%23Felices24Sofia;10050
5/7/20;#FelizDomingo;http://twitter.com/search?q=%23FelizDomingo;11437
5/7/20;#FelizDomingo;http://twitter.com/search?q=%23FelizDomingo;14182
6/7/20;#FelizDomingo;http://twitter.com/search?q=%23FelizDomingo;41956
6/7/20;#FelizDomingo;http://twitter.com/search?q=%23FelizDomingo;42512
6/7/20;#FelizLunes;http://twitter.com/search?q=%23FelizLunes;10033
6/7/20;#FelizLunes;http://twitter.com/search?q=%23FelizLunes;12292
6/7/20;#FelizLunes;http://twitter.com/search?q=%23FelizLunes;15641
6/7/20;#FelizLunes;http://twitter.com/search?q=%23FelizLunes;25201
7/7/20;#FelizLunes;http://twitter.com/search?q=%23FelizLunes;52669
7/7/20;#FelizLunes;http://twitter.com/search?q=%23FelizLunes;49473
7/7/20;#FelizMartes;http://twitter.com/search?q=%23FelizMartes;11838
7/7/20;#FelizMartes;http://twitter.com/search?q=%23FelizMartes;14848
7/7/20;#FelizMartes;http://twitter.com/search?q=%23FelizMartes;19124
7/7/20;#FelizMartes;http://twitter.com/search?q=%23FelizMartes;23012
8/7/20;#FelizMartes;http://twitter.com/search?q=%23FelizMartes;44350
8/7/20;#FelizMartes;http://twitter.com/search?q=%23FelizMartes;44036
8/7/20;#FelizMartes;http://twitter.com/search?q=%23FelizMartes;41524
8/7/20;Felipe VI;http://twitter.com/search?q=%22Felipe+VI%22;13229
8/7/20;#FelizMiercoles;http://twitter.com/search?q=%23FelizMiercoles;10614
8/7/20;#FelizMiercoles;http://twitter.com/search?q=%23FelizMiercoles;13312
8/7/20;#FelizMiercoles;http://twitter.com/search?q=%23FelizMiercoles;17786
8/7/20;#FelizMiercoles;http://twitter.com/search?q=%23FelizMiercoles;22120
9/7/20;#FelizMiercoles;http://twitter.com/search?q=%23FelizMiercoles;46957
9/7/20;#FelizMiercoles;http://twitter.com/search?q=%23FelizMiercoles;44366
9/7/20;Felipe VI;http://twitter.com/search?q=%22Felipe+VI%22;10351
9/7/20;Felipe VI;http://twitter.com/search?q=%22Felipe+VI%22;11360
9/7/20;#FelizJueves;http://twitter.com/search?q=%23FelizJueves;10056
9/7/20;Felipe VI;http://twitter.com/search?q=%22Felipe+VI%22;12453
9/7/20;#FelizJueves;http://twitter.com/search?q=%23FelizJueves;12341
9/7/20;Felipe VI;http://twitter.com/search?q=%22Felipe+VI%22;13743
9/7/20;#FelizJueves;http://twitter.com/search?q=%23FelizJueves;15868
9/7/20;Felipe VI;http://twitter.com/search?q=%22Felipe+VI%22;15190
9/7/20;#FelizJueves;http://twitter.com/search?q=%23FelizJueves;19806
9/7/20;Felipe VI;http://twitter.com/search?q=%22Felipe+VI%22;18503
9/7/20;#FelizJueves;http://twitter.com/search?q=%23FelizJueves;23467
9/7/20;Felipe VI;http://twitter.com/search?q=%22Felipe+VI%22;20713
9/7/20;#FelizJueves;http://twitter.com/search?q=%23FelizJueves;27085
9/7/20;Felipe VI;http://twitter.com/search?q=%22Felipe+VI%22;22744
9/7/20;Felipe VI;http://twitter.com/search?q=%22Felipe+VI%22;24596
10/7/20;Felipe VI;http://twitter.com/search?q=%22Felipe+VI%22;32539
10/7/20;#FelizJueves;http://twitter.com/search?q=%23FelizJueves;46253
10/7/20;Felipe VI;http://twitter.com/search?q=%22Felipe+VI%22;32606
10/7/20;#FelizJueves;http://twitter.com/search?q=%23FelizJueves;47018
10/7/20;#FelizJueves;http://twitter.com/search?q=%23FelizJueves;47542
10/7/20;Felipe VI;http://twitter.com/search?q=%22Felipe+VI%22;32687
10/7/20;#FelizJueves;http://twitter.com/search?q=%23FelizJueves;47396
10/7/20;Felipe VI;http://twitter.com/search?q=%22Felipe+VI%22;32896
10/7/20;#FelizJueves;http://twitter.com/search?q=%23FelizJueves;46479
10/7/20;Felipe VI;http://twitter.com/search?q=%22Felipe+VI%22;33712
10/7/20;Felipe VI;http://twitter.com/search?q=%22Felipe+VI%22;34580
10/7/20;#FelizJueves;http://twitter.com/search?q=%23FelizJueves;44694
11/7/20;Felipe VI;http://twitter.com/search?q=%22Felipe+VI%22;24385
11/7/20;Felipe VI;http://twitter.com/search?q=%22Felipe+VI%22;24156
11/7/20;#FelizSabado;http://twitter.com/search?q=%23FelizSabado;11492
11/7/20;#FelizSabado;http://twitter.com/search?q=%22Feliz+S%C3%A1bado%22;11100
11/7/20;#FelizSabado;http://twitter.com/search?q=%23FelizSabado;14793
11/7/20;#FelizSabado;http://twitter.com/search?q=%23FelizSabado;18055
12/7/20;#FelizSabado;http://twitter.com/search?q=%23FelizSabado;36973
12/7/20;#FelizSabado;http://twitter.com/search?q=%23FelizSabado;37332
12/7/20;#FelizSabado;http://twitter.com/search?q=%23FelizSabado;37500
12/7/20;#FelizSabado;http://twitter.com/search?q=%23FelizSabado;36925
12/7/20;#FelizSabado;http://twitter.com/search?q=%23FelizSabado;35700
12/7/20;#FelizSabado;http://twitter.com/search?q=%23FelizSabado;34628
12/7/20;#FelizSabado;http://twitter.com/search?q=%23FelizSabado;33587
12/7/20;#FelizDomingo;http://twitter.com/search?q=%23FelizDomingo;10426
12/7/20;#FelizDomingo;http://twitter.com/search?q=%23FelizDomingo;13040
12/7/20;#FelizDomingo;http://twitter.com/search?q=%23FelizDomingo;16381
12/7/20;#FelizDomingo;http://twitter.com/search?q=%23FelizDomingo;20068
13/7/20;#FelizLunes;http://twitter.com/search?q=%23FelizLunes;13075
13/7/20;#FelizLunes;http://twitter.com/search?q=%23FelizLunes;17245
13/7/20;#FelizLunes;http://twitter.com/search?q=%23FelizLunes;21455
13/7/20;#FelizLunes;http://twitter.com/search?q=%23FelizLunes;25932
14/7/20;#FelizLunes;http://twitter.com/search?q=%23FelizLunes;48326
14/7/20;#FelizLunes;http://twitter.com/search?q=%23FelizLunes;49337
14/7/20;#FelizLunes;http://twitter.com/search?q=%23FelizLunes;50056
14/7/20;#FelizMartes;http://twitter.com/search?q=%23FelizMartes;11253
14/7/20;#FelizMartes;http://twitter.com/search?q=%23FelizMartes;14017
14/7/20;#FelizMartes;http://twitter.com/search?q=%23FelizMartes;17970
14/7/20;#FelizMartes;http://twitter.com/search?q=%23FelizMartes;21908
14/7/20;#FelizMartes;http://twitter.com/search?q=%23FelizMartes;25405
15/7/20;#FelizMartes;http://twitter.com/search?q=%23FelizMartes;43985
15/7/20;#FelizMartes;http://twitter.com/search?q=%23FelizMartes;44671
15/7/20;#FelizMiercoles;http://twitter.com/search?q=%23FelizMiercoles;12093
15/7/20;#FelizMiercoles;http://twitter.com/search?q=%23FelizMiercoles;15874
15/7/20;#FelizMiercoles;http://twitter.com/search?q=%23FelizMiercoles;20448
15/7/20;#FelizMiercoles;http://twitter.com/search?q=%23FelizMiercoles;24505
15/7/20;#FelizMiercoles;http://twitter.com/search?q=%23FelizMiercoles;27772
15/7/20;#FelizMiercoles;http://twitter.com/search?q=%23FelizMiercoles;31062
16/7/20;#FelizMiercoles;http://twitter.com/search?q=%23FelizMiercoles;44364
16/7/20;#FelizJueves;http://twitter.com/search?q=%23FelizJueves;12640
16/7/20;#FelizJueves;http://twitter.com/search?q=%23FelizJueves;15982
16/7/20;#FelizJueves;http://twitter.com/search?q=%23FelizJueves;19755
17/7/20;#FelizJueves;http://twitter.com/search?q=%23FelizJueves;40911
17/7/20;#FelizJueves;http://twitter.com/search?q=%23FelizJueves;40644
17/7/20;Felipe González;http://twitter.com/search?q=%22Felipe+Gonz%C3%A1lez%22;12757
17/7/20;Felipe González;http://twitter.com/search?q=%22Felipe+Gonz%C3%A1lez%22;13467
17/7/20;Felipe González;http://twitter.com/search?q=%22Felipe+Gonz%C3%A1lez%22;14215
17/7/20;Felipe González;http://twitter.com/search?q=%22Felipe+Gonz%C3%A1lez%22;14758
17/7/20;Felipe González;http://twitter.com/search?q=%22Felipe+Gonz%C3%A1lez%22;15408
17/7/20;Felipe González;http://twitter.com/search?q=%22Felipe+Gonz%C3%A1lez%22;15934
17/7/20;Felipe González;http://twitter.com/search?q=%22Felipe+Gonz%C3%A1lez%22;16834
17/7/20;Felipe González;http://twitter.com/search?q=%22Felipe+Gonz%C3%A1lez%22;17571
17/7/20;Felipe González;http://twitter.com/search?q=%22Felipe+Gonz%C3%A1lez%22;18007
17/7/20;Felipe González;http://twitter.com/search?q=%22Felipe+Gonz%C3%A1lez%22;18483
17/7/20;#FelizViernesATodos;http://twitter.com/search?q=%23FelizViernesATodos;10730
18/7/20;Felipe González;http://twitter.com/search?q=%22Felipe+Gonz%C3%A1lez%22;20404
18/7/20;#FelizViernesATodos;http://twitter.com/search?q=%23FelizViernesATodos;15184
18/7/20;#FelizViernesATodos;http://twitter.com/search?q=%23FelizViernesATodos;15451
18/7/20;Felipe González;http://twitter.com/search?q=%22Felipe+Gonz%C3%A1lez%22;20402
18/7/20;#FelizViernesATodos;http://twitter.com/search?q=%23FelizViernesATodos;15555
18/7/20;Felipe González;http://twitter.com/search?q=%22Felipe+Gonz%C3%A1lez%22;20548
18/7/20;#FelizViernesATodos;http://twitter.com/search?q=%23FelizViernesATodos;15492
18/7/20;Felipe González;http://twitter.com/search?q=%22Felipe+Gonz%C3%A1lez%22;21722
18/7/20;#FelizViernesATodos;http://twitter.com/search?q=%23FelizViernesATodos;15334
18/7/20;Felipe González;http://twitter.com/search?q=%22Felipe+Gonz%C3%A1lez%22;23277
18/7/20;Felipe González;http://twitter.com/search?q=%22Felipe+Gonz%C3%A1lez%22;24629
18/7/20;Felipe González;http://twitter.com/search?q=%22Felipe+Gonz%C3%A1lez%22;24905
18/7/20;#FelizAlzamiento;http://twitter.com/search?q=%23FelizAlzamiento;11600
18/7/20;#FelizSabado;http://twitter.com/search?q=%23FelizSabado;10456
18/7/20;#FelizAlzamiento;http://twitter.com/search?q=%23FelizAlzamiento;13491
18/7/20;#FelizSabado;http://twitter.com/search?q=%23FelizSabado;14230
18/7/20;#FelizAlzamiento;http://twitter.com/search?q=%23FelizAlzamiento;15046
18/7/20;#FelizSabado;http://twitter.com/search?q=%23FelizSabado;18036
18/7/20;#FelizAlzamiento;http://twitter.com/search?q=%23FelizAlzamiento;16317
18/7/20;#FelizSabado;http://twitter.com/search?q=%23FelizSabado;21980
18/7/20;#FelizAlzamiento;http://twitter.com/search?q=%23FelizAlzamiento;17297
18/7/20;#FelizSabado;http://twitter.com/search?q=%23FelizSabado;24900
18/7/20;#FelizAlzamiento;http://twitter.com/search?q=%23FelizAlzamiento;18101
18/7/20;#FelizSabado;http://twitter.com/search?q=%23FelizSabado;27988
18/7/20;#FelizAlzamiento;http://twitter.com/search?q=%23FelizAlzamiento;18909
18/7/20;#FelizAlzamiento;http://twitter.com/search?q=%23FelizAlzamiento;19254
19/7/20;#FelizAlzamiento;http://twitter.com/search?q=%23FelizAlzamiento;18840
19/7/20;#FelizSabado;http://twitter.com/search?q=%23FelizSabado;44604
19/7/20;#FelizAlzamiento;http://twitter.com/search?q=%23FelizAlzamiento;18797
19/7/20;#FelizSabado;http://twitter.com/search?q=%23FelizSabado;45589
19/7/20;#FelizAlzamiento;http://twitter.com/search?q=%23FelizAlzamiento;18787
19/7/20;#FelizSabado;http://twitter.com/search?q=%23FelizSabado;46368
19/7/20;#FelizAlzamiento;http://twitter.com/search?q=%23FelizAlzamiento;18776
19/7/20;#FelizAlzamiento;http://twitter.com/search?q=%23FelizAlzamiento;18046
19/7/20;#FelizAlzamiento;http://twitter.com/search?q=%23FelizAlzamiento;16802
19/7/20;#FelizDomingo;http://twitter.com/search?q=%23FelizDomingo;11380
19/7/20;#FelizDomingo;http://twitter.com/search?q=%23FelizDomingo;14490
19/7/20;#FelizDomingo;http://twitter.com/search?q=%23FelizDomingo;18392
20/7/20;#FelizDomingo;http://twitter.com/search?q=%23FelizDomingo;45296
20/7/20;#FelizDomingo;http://twitter.com/search?q=%23FelizDomingo;45890
20/7/20;#FelizDomingo;http://twitter.com/search?q=%23FelizDomingo;45605
20/7/20;#FelizLunes;http://twitter.com/search?q=%23FelizLunes;11956
20/7/20;#FelizLunes;http://twitter.com/search?q=%23FelizLunes;15661
20/7/20;#FelizLunes;http://twitter.com/search?q=%23FelizLunes;20111
20/7/20;#FelizLunes;http://twitter.com/search?q=%23FelizLunes;23981
21/7/20;#FelizLunes;http://twitter.com/search?q=%23FelizLunes;47839
21/7/20;#FelizLunes;http://twitter.com/search?q=%23FelizLunes;48644
21/7/20;#FelizLunes;http://twitter.com/search?q=%23FelizLunes;46640
21/7/20;#FelizLunes;http://twitter.com/search?q=%23FelizLunes;44100
21/7/20;#FelizMartes;http://twitter.com/search?q=%23FelizMartes;12606
21/7/20;#FelizMartes;http://twitter.com/search?q=%23FelizMartes;16240
21/7/20;#FelizMartes;http://twitter.com/search?q=%23FelizMartes;19768
21/7/20;#FelizMartes;http://twitter.com/search?q=%23FelizMartes;23166
22/7/20;#FelizMartes;http://twitter.com/search?q=%23FelizMartes;42740
22/7/20;#FelizMartes;http://twitter.com/search?q=%23FelizMartes;43069
22/7/20;#FelizMartes;http://twitter.com/search?q=%23FelizMartes;42858
22/7/20;#FelizMartes;http://twitter.com/search?q=%23FelizMartes;41988
22/7/20;#FelizMartes;http://twitter.com/search?q=%23FelizMartes;40830
22/7/20;#FelizMartes;http://twitter.com/search?q=%23FelizMartes;39549
22/7/20;#FelizMartes;http://twitter.com/search?q=%23FelizMartes;38609
22/7/20;#FelizMiercoles;http://twitter.com/search?q=%23FelizMiercoles;12101
22/7/20;#FelizMiercoles;http://twitter.com/search?q=%23FelizMiercoles;15824
22/7/20;#FelizMiercoles;http://twitter.com/search?q=%23FelizMiercoles;20029
22/7/20;#FelizMiercoles;http://twitter.com/search?q=%23FelizMiercoles;24215
23/7/20;#YaSobrasFelipeVI;http://twitter.com/search?q=%23YaSobrasFelipeVI;10044
23/7/20;#YaSobrasFelipeVI;http://twitter.com/search?q=%23YaSobrasFelipeVI;10205
23/7/20;#YaSobrasFelipeVI;http://twitter.com/search?q=%23YaSobrasFelipeVI;10253
23/7/20;#FelizMiercoles;http://twitter.com/search?q=%23FelizMiercoles;44158
23/7/20;#YaSobrasFelipeVI;http://twitter.com/search?q=%23YaSobrasFelipeVI;10336
23/7/20;#FelizMiercoles;http://twitter.com/search?q=%23FelizMiercoles;44344
23/7/20;#YaSobrasFelipeVI;http://twitter.com/search?q=%23YaSobrasFelipeVI;10594
23/7/20;#FelizMiercoles;http://twitter.com/search?q=%23FelizMiercoles;44003
23/7/20;#FelizMiercoles;http://twitter.com/search?q=%23FelizMiercoles;42907
23/7/20;#YaSobrasFelipeVI;http://twitter.com/search?q=%23YaSobrasFelipeVI;10875
23/7/20;#YaSobrasFelipeVI;http://twitter.com/search?q=%23YaSobrasFelipeVI;11211
23/7/20;#FelizMiercoles;http://twitter.com/search?q=%23FelizMiercoles;41477
23/7/20;#FelizJueves;http://twitter.com/search?q=%23FelizJueves;12544
23/7/20;#FelizJueves;http://twitter.com/search?q=%23FelizJueves;16351
23/7/20;#FelizJueves;http://twitter.com/search?q=%23FelizJueves;20305
23/7/20;#FelizJueves;http://twitter.com/search?q=%23FelizJueves;24108
25/7/20;#FelizSabado;http://twitter.com/search?q=%23FelizSabado;11567
25/7/20;#FelizSabado;http://twitter.com/search?q=%23FelizSabado;15076
25/7/20;#FelizSabado;http://twitter.com/search?q=%23FelizSabado;19287
25/7/20;#FelizSabado;http://twitter.com/search?q=%23FelizSabado;23059
25/7/20;#FelizSabado;http://twitter.com/search?q=%23FelizSabado;26099
25/7/20;#FelizSabado;http://twitter.com/search?q=%23FelizSabado;28712
26/7/20;#FelizSabado;http://twitter.com/search?q=%23FelizSabado;40413
26/7/20;#FelizSabado;http://twitter.com/search?q=%23FelizSabado;40945
26/7/20;#FelizSabado;http://twitter.com/search?q=%23FelizSabado;41308
26/7/20;#FelizSabado;http://twitter.com/search?q=%23FelizSabado;41365
26/7/20;#FelizSabado;http://twitter.com/search?q=%23FelizSabado;41011
26/7/20;#FelizSabado;http://twitter.com/search?q=%23FelizSabado;40098
26/7/20;#FelizDomingo;http://twitter.com/search?q=%23FelizDomingo;10806
27/7/20;#FelizDomingo;http://twitter.com/search?q=%23FelizDomingo;38638
27/7/20;#FelizDomingo;http://twitter.com/search?q=%23FelizDomingo;38956
27/7/20;#FelizDomingo;http://twitter.com/search?q=%23FelizDomingo;33841
27/7/20;#FelizLunes;http://twitter.com/search?q=%23FelizLunes;10900
27/7/20;#FelizLunes;http://twitter.com/search?q=%23FelizLunes;14406
27/7/20;#FelizLunes;http://twitter.com/search?q=%23FelizLunes;18636
27/7/20;#FelizLunes;http://twitter.com/search?q=%23FelizLunes;23341
28/7/20;#FelizLunes;http://twitter.com/search?q=%23FelizLunes;45000
28/7/20;#FelizLunes;http://twitter.com/search?q=%23FelizLunes;45928
28/7/20;#FelizLunes;http://twitter.com/search?q=%23FelizLunes;46813
28/7/20;#FelizMartes;http://twitter.com/search?q=%23FelizMartes;10042
28/7/20;#FelizMartes;http://twitter.com/search?q=%23FelizMartes;12652
28/7/20;#FelizMartes;http://twitter.com/search?q=%23FelizMartes;16038
28/7/20;#FelizMartes;http://twitter.com/search?q=%23FelizMartes;19609
29/7/20;#FelizMartes;http://twitter.com/search?q=%23FelizMartes;41752